bulletID,Situation,Action,Impact,JobTitle,Company,DatesWorked,Location
ACT-001,"Legacy monolithic application was causing 45-minute deploy cycles and frequent production incidents","Architected and led migration to microservices using Kubernetes and Docker, implementing CI/CD pipelines with GitHub Actions","Reduced deployment time to 3 minutes and decreased production incidents by 78%",Senior Software Engineer,TechCorp Inc,Jan 2022 - Present,San Francisco CA
ACT-002,"Customer churn rate was increasing 5% quarter-over-quarter due to poor user experience","Redesigned the onboarding flow using React and conducted A/B testing with 10000 users across 3 variants","Improved customer retention by 23% and increased trial-to-paid conversion by 15%",Product Engineer,StartupXYZ,Mar 2020 - Dec 2021,Remote
ACT-003,"Data pipeline processing 2TB daily was failing silently causing downstream reporting errors","Built real-time monitoring dashboard and redesigned ETL pipeline using Apache Spark and Airflow","Achieved 99.9% pipeline reliability and reduced data processing latency by 60%",Data Engineer,DataFlow Systems,Jun 2019 - Feb 2020,New York NY
ACT-004,"Cross-functional teams lacked visibility into project dependencies causing missed deadlines","Implemented agile ceremonies and introduced Jira-based dependency tracking across 4 engineering teams","Improved on-time delivery from 62% to 94% and reduced cross-team blockers by 70%",Engineering Manager,TechCorp Inc,Jan 2022 - Present,San Francisco CA
ACT-005,"API response times exceeded 2 seconds causing mobile app timeouts and user complaints","Implemented Redis caching layer and optimized PostgreSQL queries with proper indexing strategy","Reduced average API response time to 180ms and eliminated timeout-related support tickets",Backend Developer,MobileFirst LLC,Aug 2018 - May 2019,Austin TX
ACT-006,"Security audit revealed 12 critical vulnerabilities in the authentication system","Led security remediation sprint implementing OAuth 2.0 with PKCE and adding automated security scanning to CI pipeline","Achieved SOC 2 Type II compliance and zero critical vulnerabilities in subsequent audits",Senior Software Engineer,TechCorp Inc,Jan 2022 - Present,San Francisco CA
ACT-007,"Manual QA process took 3 days per release cycle limiting deployment frequency","Designed and implemented end-to-end test automation framework using Cypress and integrated with CI/CD","Reduced QA cycle from 3 days to 2 hours enabling daily deployments",Software Engineer,StartupXYZ,Mar 2020 - Dec 2021,Remote
ACT-008,"Machine learning model predictions were not accessible to business stakeholders","Developed REST API serving ML model predictions with FastAPI and deployed on AWS with auto-scaling","Enabled real-time predictions for 500+ business users processing 1M requests daily",ML Engineer,DataFlow Systems,Jun 2019 - Feb 2020,New York NY
ACT-009,"New engineering hires took 3 months to become productive due to lack of documentation","Created comprehensive onboarding program with technical documentation wiki and mentorship pairing system","Reduced new hire ramp-up time to 4 weeks and improved 6-month retention by 30%",Engineering Manager,TechCorp Inc,Jan 2022 - Present,San Francisco CA
ACT-010,"Customer-facing dashboard loaded in 8+ seconds causing user drop-off","Implemented code splitting lazy loading and optimized bundle size using Webpack analysis","Reduced initial load time to 1.2 seconds and improved user engagement metrics by 40%",Frontend Developer,MobileFirst LLC,Aug 2018 - May 2019,Austin TX
